{
    "total_runtime": 315.1303424835205,
    "num_documents": 1,
    "input_load_time": 0,
    "workflows": {
        "create_base_text_units": {
            "overall": 0.14203166961669922,
            "0_orderby": 0.0019989013671875,
            "1_zip": 0.0020008087158203125,
            "2_aggregate_override": 0.003002166748046875,
            "3_chunk": 0.10902595520019531,
            "4_select": 0.0019998550415039062,
            "5_unroll": 0.00400233268737793,
            "6_rename": 0.0019974708557128906,
            "7_genid": 0.0029993057250976562,
            "8_unzip": 0.0030007362365722656,
            "9_copy": 0.003004312515258789,
            "10_filter": 0.007998466491699219
        },
        "create_base_extracted_entities": {
            "overall": 252.43202805519104,
            "0_entity_extract": 252.42181825637817,
            "1_merge_graphs": 0.0072023868560791016
        },
        "create_summarized_entities": {
            "overall": 23.68601703643799,
            "0_summarize_descriptions": 23.682125568389893
        },
        "create_base_entity_graph": {
            "overall": 0.03133058547973633,
            "0_cluster_graph": 0.022331953048706055,
            "1_select": 0.00599980354309082
        },
        "create_final_entities": {
            "overall": 4.053655624389648,
            "0_unpack_graph": 0.006006956100463867,
            "1_rename": 0.003993034362792969,
            "2_select": 0.004006862640380859,
            "3_dedupe": 0.005001068115234375,
            "4_rename": 0.004992008209228516,
            "5_filter": 0.011000871658325195,
            "6_text_split": 0.005004167556762695,
            "7_drop": 0.005999326705932617,
            "8_merge": 0.008000612258911133,
            "9_text_embed": 3.9766550064086914,
            "10_drop": 0.0059931278228759766,
            "11_filter": 0.013004064559936523
        },
        "create_final_nodes": {
            "overall": 0.12535738945007324,
            "0_layout_graph": 0.013468742370605469,
            "1_unpack_graph": 0.007000446319580078,
            "2_unpack_graph": 0.007999420166015625,
            "3_filter": 0.015000581741333008,
            "4_drop": 0.005999326705932617,
            "5_select": 0.007224082946777344,
            "6_rename": 0.0060045719146728516,
            "7_join": 0.013296127319335938,
            "8_convert": 0.036338090896606445,
            "9_rename": 0.007028102874755859
        },
        "create_final_communities": {
            "overall": 0.16375064849853516,
            "0_unpack_graph": 0.008007526397705078,
            "1_unpack_graph": 0.008894920349121094,
            "2_aggregate_override": 0.009999990463256836,
            "3_join": 0.010866403579711914,
            "4_join": 0.010999202728271484,
            "5_concat": 0.008008003234863281,
            "6_filter": 0.019782543182373047,
            "7_aggregate_override": 0.010003328323364258,
            "8_join": 0.011023521423339844,
            "9_filter": 0.019999265670776367,
            "10_fill": 0.009000062942504883,
            "11_merge": 0.009032726287841797,
            "12_copy": 0.009999990463256836,
            "13_select": 0.010133981704711914
        },
        "join_text_units_to_entity_ids": {
            "overall": 0.04009246826171875,
            "0_select": 0.008999824523925781,
            "1_unroll": 0.010999679565429688,
            "2_aggregate_override": 0.01000213623046875
        },
        "create_final_relationships": {
            "overall": 0.14659476280212402,
            "0_unpack_graph": 0.010999917984008789,
            "1_filter": 0.022624731063842773,
            "2_rename": 0.010204076766967773,
            "3_filter": 0.023001670837402344,
            "4_drop": 0.01316976547241211,
            "5_compute_edge_combined_degree": 0.02259659767150879,
            "6_convert": 0.022001028060913086,
            "7_convert": 0.01099848747253418
        },
        "join_text_units_to_relationship_ids": {
            "overall": 0.06027364730834961,
            "0_select": 0.011662960052490234,
            "1_unroll": 0.01200246810913086,
            "2_aggregate_override": 0.012600183486938477,
            "3_select": 0.012005090713500977
        },
        "create_final_community_reports": {
            "overall": 32.20595836639404,
            "0_prepare_community_reports_nodes": 0.013002157211303711,
            "1_prepare_community_reports_edges": 0.013068914413452148,
            "2_restore_community_hierarchy": 0.013006448745727539,
            "3_prepare_community_reports": 0.027186155319213867,
            "4_create_community_reports": 32.11569571495056,
            "5_window": 0.011999845504760742
        },
        "create_final_text_units": {
            "overall": 0.10757303237915039,
            "0_select": 0.015003204345703125,
            "1_rename": 0.014320135116577148,
            "2_join": 0.016001462936401367,
            "3_join": 0.016998291015625,
            "4_aggregate_override": 0.016000747680664062,
            "5_select": 0.015250682830810547
        },
        "create_base_documents": {
            "overall": 0.1567690372467041,
            "0_unroll": 0.015281915664672852,
            "1_select": 0.015252113342285156,
            "2_rename": 0.013998031616210938,
            "3_join": 0.017004966735839844,
            "4_aggregate_override": 0.01563858985900879,
            "5_join": 0.01703357696533203,
            "6_rename": 0.01586294174194336,
            "7_convert": 0.03099989891052246
        },
        "create_final_documents": {
            "overall": 0.03600001335144043,
            "0_rename": 0.021000385284423828
        }
    }
}