{
    "total_runtime": 0.2607579231262207,
    "num_documents": 1,
    "input_load_time": 0,
    "workflows": {
        "create_base_text_units": {
            "overall": 0.16214752197265625,
            "0_orderby": 0.0030074119567871094,
            "1_zip": 0.002993345260620117,
            "2_aggregate_override": 0.005006313323974609,
            "3_chunk": 0.1121363639831543,
            "4_select": 0.0019979476928710938,
            "5_unroll": 0.004999637603759766,
            "6_rename": 0.002007722854614258,
            "7_genid": 0.0029935836791992188,
            "8_unzip": 0.0029993057250976562,
            "9_copy": 0.00200653076171875,
            "10_filter": 0.02000713348388672
        }
    }
}