{
    "total_runtime": 7.154768466949463,
    "num_documents": 1,
    "input_load_time": 0,
    "workflows": {
        "create_base_text_units": {
            "overall": 0.13859939575195312,
            "0_orderby": 0.0012607574462890625,
            "1_zip": 0.0016045570373535156,
            "2_aggregate_override": 0.0031685829162597656,
            "3_chunk": 0.10906243324279785,
            "4_select": 0.00196075439453125,
            "5_unroll": 0.0037658214569091797,
            "6_rename": 0.003238677978515625,
            "7_genid": 0.0022208690643310547,
            "8_unzip": 0.002115488052368164,
            "9_copy": 0.0020525455474853516,
            "10_filter": 0.007176637649536133
        },
        "create_base_extracted_entities": {
            "overall": 0.12859344482421875,
            "0_entity_extract": 0.12201476097106934,
            "1_merge_graphs": 0.00426030158996582
        },
        "create_final_covariates": {
            "overall": 0.13389325141906738,
            "0_extract_covariates": 0.10033917427062988,
            "1_window": 0.0032644271850585938,
            "2_genid": 0.0033631324768066406,
            "3_convert": 0.017246246337890625,
            "4_rename": 0.003247499465942383,
            "5_select": 0.003262042999267578
        },
        "create_summarized_entities": {
            "overall": 0.14565634727478027,
            "0_summarize_descriptions": 0.14226865768432617
        },
        "join_text_units_to_covariate_ids": {
            "overall": 0.014145612716674805,
            "0_select": 0.003962516784667969,
            "1_aggregate_override": 0.0063440799713134766
        },
        "create_base_entity_graph": {
            "overall": 0.1872720718383789,
            "0_cluster_graph": 0.09349179267883301,
            "1_embed_graph": 0.08484864234924316,
            "2_select": 0.004622459411621094
        },
        "create_final_entities": {
            "overall": 0.20744585990905762,
            "0_unpack_graph": 0.005788326263427734,
            "1_rename": 0.004812717437744141,
            "2_select": 0.0061299800872802734,
            "3_dedupe": 0.015788793563842773,
            "4_rename": 0.005423307418823242,
            "5_filter": 0.012234926223754883,
            "6_text_split": 0.006074190139770508,
            "7_drop": 0.005955219268798828,
            "8_merge": 0.00808405876159668,
            "9_text_embed": 0.12494516372680664,
            "10_drop": 0.007317543029785156
        },
        "create_final_nodes": {
            "overall": 0.15263724327087402,
            "0_layout_graph": 0.04574441909790039,
            "1_unpack_graph": 0.007144451141357422,
            "2_unpack_graph": 0.009418487548828125,
            "3_drop": 0.006645917892456055,
            "4_filter": 0.015300512313842773,
            "5_select": 0.0069959163665771484,
            "6_rename": 0.0068721771240234375,
            "7_convert": 0.027553081512451172,
            "8_join": 0.013822317123413086,
            "9_rename": 0.007202863693237305
        },
        "create_final_communities": {
            "overall": 0.18373394012451172,
            "0_unpack_graph": 0.008974790573120117,
            "1_unpack_graph": 0.008509159088134766,
            "2_aggregate_override": 0.009420633316040039,
            "3_join": 0.02126622200012207,
            "4_join": 0.012282848358154297,
            "5_concat": 0.009226083755493164,
            "6_filter": 0.020296335220336914,
            "7_aggregate_override": 0.01787424087524414,
            "8_join": 0.010545730590820312,
            "9_filter": 0.021399974822998047,
            "10_fill": 0.00832366943359375,
            "11_merge": 0.010118246078491211,
            "12_copy": 0.008401155471801758,
            "13_select": 0.00937652587890625
        },
        "join_text_units_to_entity_ids": {
            "overall": 0.0575864315032959,
            "0_select": 0.019136905670166016,
            "1_unroll": 0.014952659606933594,
            "2_aggregate_override": 0.014530658721923828
        },
        "create_final_relationships": {
            "overall": 0.15754318237304688,
            "0_unpack_graph": 0.013467788696289062,
            "1_filter": 0.03784584999084473,
            "2_rename": 0.01114034652709961,
            "3_filter": 0.02232956886291504,
            "4_drop": 0.009771347045898438,
            "5_compute_edge_combined_degree": 0.012148857116699219,
            "6_convert": 0.026995420455932617,
            "7_convert": 0.01427006721496582
        },
        "join_text_units_to_relationship_ids": {
            "overall": 0.06184577941894531,
            "0_select": 0.011981010437011719,
            "1_unroll": 0.011302471160888672,
            "2_aggregate_override": 0.012554168701171875,
            "3_select": 0.015697479248046875
        },
        "create_final_community_reports": {
            "overall": 0.21852731704711914,
            "0_prepare_community_reports_nodes": 0.011525869369506836,
            "1_prepare_community_reports_edges": 0.01162409782409668,
            "2_prepare_community_reports_claims": 0.012094497680664062,
            "3_restore_community_hierarchy": 0.01607990264892578,
            "4_prepare_community_reports": 0.043082475662231445,
            "5_create_community_reports": 0.09459400177001953,
            "6_window": 0.018695831298828125
        },
        "create_final_text_units": {
            "overall": 0.11955881118774414,
            "0_select": 0.012998342514038086,
            "1_rename": 0.012672185897827148,
            "2_join": 0.01541280746459961,
            "3_join": 0.016155242919921875,
            "4_join": 0.014584779739379883,
            "5_aggregate_override": 0.023169755935668945,
            "6_select": 0.012614727020263672
        },
        "create_base_documents": {
            "overall": 0.14746618270874023,
            "0_unroll": 0.013750076293945312,
            "1_select": 0.01414632797241211,
            "2_rename": 0.013779878616333008,
            "3_join": 0.016637086868286133,
            "4_aggregate_override": 0.015479564666748047,
            "5_join": 0.017554283142089844,
            "6_rename": 0.015462636947631836,
            "7_convert": 0.028101444244384766
        },
        "create_final_documents": {
            "overall": 0.02853703498840332,
            "0_rename": 0.014945268630981445
        }
    }
}